Site Name,Longitude,Latitude,Township,Region,Azimuth,Beamwidth,Radius
"Site 1,94.166009,17.189668,Kyauktada,Kayin,222,120,6.9"
"Site 2,98.007141,21.358010,Dala,Yangon,221,60,3.3"
"Site 3,97.647561,20.800598,Pazundaung,Kayin,155,90,6.4"
"Site 4,97.719044,20.358305,South Okkalapa,Bago,247,60,3.8"
"Site 5,98.473391,16.461518,Shwepyitha,Bago,58,180,5.1"
"Site 6,98.945283,21.180471,Kyauktada,Kayin,218,45,1.7"
"Site 7,95.623867,18.360740,South Okkalapa,Ayeyarwady,143,45,1.6"
"Site 8,93.028677,17.100613,Mingaladon,Naypyidaw,72,65,1.0"
"Site 9,98.985683,21.895100,Pazundaung,Magway,49,65,1.2"
"Site 10,98.786950,15.911000,Mingaladon,Naypyidaw,142,60,6.6"
"Site 11,93.112106,17.734521,Thingangyun,Yangon,254,60,2.5"
"Site 12,94.934135,17.337722,Mingaladon,Sagaing,155,45,6.8"
"Site 13,97.692742,18.952539,Mingalar Taung Nyunt,Mon,296,65,2.1"
"Site 14,93.527146,16.008020,North Okkalapa,Mon,209,65,3.8"
"Site 15,93.442791,18.949627,Hlaing,Kayin,191,65,7.7"
"Site 16,95.449906,20.977192,Thingangyun,Sagaing,213,65,7.8"
"Site 17,95.815592,20.423934,Hlaing,Ayeyarwady,221,180,4.9"
"Site 18,94.170281,17.918178,Mayangone,Yangon,132,180,1.1"
"Site 19,94.876898,15.330776,Pazundaung,Mandalay,190,120,3.7"
"Site 20,98.176090,15.304730,Hlaing,Shan,67,45,1.0"
"Site 21,93.650177,20.049587,Thingangyun,Shan,294,180,5.2"
"Site 22,93.000964,15.580187,Botahtaung,Sagaing,209,120,5.5"
"Site 23,97.973575,21.720594,Shwepyitha,Sagaing,78,65,4.1"
"Site 24,94.157809,16.794733,Hlaing,Sagaing,209,45,4.1"
"Site 25,94.439322,21.784697,Botahtaung,Mon,304,60,6.5"
"Site 26,97.409934,20.759885,Pazundaung,Mandalay,134,45,0.8"
"Site 27,94.881672,19.810111,Dala,Naypyidaw,304,180,7.8"
"Site 28,97.681733,15.370955,Shwepyitha,Mon,21,60,5.9"
"Site 29,97.023822,16.792623,Kamayut,Shan,33,120,2.9"
"Site 30,96.973038,19.852507,Mingaladon,Magway,313,180,7.6"
"Site 31,96.605433,19.239880,Shwepyitha,Naypyidaw,215,120,5.2"
"Site 32,94.345979,19.883718,Dagon,Naypyidaw,200,45,6.4"
"Site 33,95.433771,20.730500,Seikkan,Kayin,191,90,1.5"
"Site 34,97.412726,21.631931,Mingaladon,Naypyidaw,27,60,6.4"
"Site 35,93.990128,19.400231,Shwepyitha,Naypyidaw,241,60,1.0"
"Site 36,96.625105,17.879610,Thingangyun,Magway,215,90,5.6"
"Site 37,98.826050,15.855216,Mingaladon,Shan,187,45,3.7"
"Site 38,93.917096,16.154468,Mayangone,Shan,41,65,7.4"
"Site 39,95.603748,17.556275,Kamayut,Naypyidaw,116,45,2.7"
"Site 40,96.728859,18.181848,Kamayut,Mandalay,79,120,6.5"
"Site 41,95.215261,17.150709,Mayangone,Bago,283,120,7.6"
"Site 42,98.185724,15.907137,Thingangyun,Ayeyarwady,207,90,5.0"
"Site 43,97.193681,16.388228,Mayangone,Mandalay,247,65,1.2"
"Site 44,95.074251,20.697720,Hlaingthaya,Mandalay,357,120,4.0"
"Site 45,96.232568,19.434313,South Okkalapa,Mon,71,90,5.3"
"Site 46,93.769342,15.964494,Thingangyun,Bago,89,65,4.2"
"Site 47,98.725579,19.327083,South Okkalapa,Mon,240,90,5.1"
"Site 48,98.578214,16.786876,Hlaing,Ayeyarwady,229,120,6.8"
"Site 49,97.750801,15.937465,Hlaing,Naypyidaw,51,65,4.8"
"Site 50,95.324586,19.262419,Mingaladon,Magway,44,90,6.5"
"Site 51,96.019615,21.894706,Yankin,Sagaing,181,45,3.6"
"Site 52,95.748276,20.067801,Kyauktada,Ayeyarwady,300,180,5.1"
"Site 53,96.284542,16.015056,Mayangone,Sagaing,55,45,7.5"
"Site 54,94.232160,15.248725,Shwepyitha,Kayin,182,180,5.9"
"Site 55,95.143803,18.971653,Kamayut,Mandalay,342,90,2.0"
"Site 56,94.637403,16.775581,Hlaing,Bago,316,180,4.1"
"Site 57,93.756613,19.474181,Kyauktada,Naypyidaw,246,90,2.2"
"Site 58,94.011949,20.910359,Dala,Magway,55,180,0.9"
"Site 59,96.548107,20.016529,Hlaingthaya,Sagaing,355,65,2.4"
"Site 60,93.611909,15.996760,Hlaing,Naypyidaw,38,90,4.2"
